symbol,charge,coord,spin,r_crystal [Å],r_ionic [Å],key
Ac,3,VI, ,1.26,1.12,From r^3 vs V. 
Ag,1,II, ,0.81,0.67,
Ag,1,IV, ,1.14,1.0,Calc. from len.-str. eq. 
Ag,1,IVSQ, ,1.16,1.02,
Ag,1,V, ,1.23,1.09,Calc. from len.-str. eq. 
Ag,1,VI, ,1.29,1.15,Calc. from len.-str. eq. 
Ag,1,VII, ,1.36,1.22,
Ag,1,VIII, ,1.42,1.28,
Ag,2,IVSQ, ,0.93,0.79,
Ag,2,VI, ,1.08,0.94,
Ag,3,IVSQ, ,0.81,0.67,
Ag,3,VI, ,0.89,0.75,From r^3 vs V. 
Al,3,IV, ,0.53,0.39,Most Reliable. 
Al,3,V, ,0.62,0.48,
Al,3,VI, ,0.675,0.535,From r^3 vs V. Most Reliable. 
Am,2,VII, ,1.35,1.21,
Am,2,VIII, ,1.4,1.26,
Am,2,IX, ,1.45,1.31,
Am,3,VI, ,1.115,0.975,From r^3 vs V. 
Am,3,VIII, ,1.23,1.09,
Am,4,VI, ,0.99,0.85,From r^3 vs V. 
Am,4,VIII, ,1.09,0.95,
As,3,VI, ,0.72,0.58,Ahrens (1952) Ionic radius. 
As,5,IV, ,0.475,0.335,From r^3 vs V. Most Reliable. 
As,5,VI, ,0.6,0.46,Calc. from len.-str. eq. Most Reliable. 
At,7,VI, ,0.76,0.62,Ahrens (1952) Ionic radius. 
Au,1,VI, ,1.51,1.37,Ahrens (1952) Ionic radius. 
Au,3,IVSQ, ,0.82,0.68,
Au,3,VI, ,0.99,0.85,Ahrens (1952) Ionic radius. 
Au,5,VI, ,0.71,0.57,
B,3,III, ,0.15,0.01,Most Reliable. 
B,3,IV, ,0.25,0.11,Most Reliable. 
B,3,VI, ,0.41,0.27,Calc. from len.-str. eq. 
Ba,2,VI, ,1.49,1.35,
Ba,2,VII, ,1.52,1.38,Calc. from len.-str. eq. 
Ba,2,VIII, ,1.56,1.42,
Ba,2,IX, ,1.61,1.47,
Ba,2,X, ,1.66,1.52,
Ba,2,XI, ,1.71,1.57,
Ba,2,XII, ,1.75,1.61,Calc. from len.-str. eq. 
Be,2,III, ,0.3,0.16,
Be,2,IV, ,0.41,0.27,Most Reliable. 
Be,2,VI, ,0.59,0.45,Calc. from len.-str. eq. 
Bi,3,V, ,1.1,0.96,Calc. from len.-str. eq. 
Bi,3,VI, ,1.17,1.03,From r^3 vs V. Most Reliable. 
Bi,3,VIII, ,1.31,1.17,From r^3 vs V. 
Bi,5,VI, ,0.9,0.76,Estimated. 
Bk,3,VI, ,1.1,0.96,From r^3 vs V. 
Bk,4,VI, ,0.97,0.83,From r^3 vs V. 
Bk,4,VIII, ,1.07,0.93,From r^3 vs V. 
Br,-1,VI, ,1.82,1.96,Paulings (1960) Crystal Radius. 
Br,3,IVSQ, ,0.73,0.59,
Br,5,IIIPY, ,0.45,0.31,
Br,7,IV, ,0.39,0.25,
Br,7,VI, ,0.53,0.39,Ahrens (1952) Ionic radius. 
C,4,III, ,0.06,-0.08,
C,4,IV, ,0.29,0.15,Paulings (1960) Crystal Radius. 
C,4,VI, ,0.3,0.16,Ahrens (1952) Ionic radius. 
Ca,2,VI, ,1.14,1.0,
Ca,2,VII, ,1.2,1.06,Most Reliable. 
Ca,2,VIII, ,1.26,1.12,Most Reliable. 
Ca,2,IX, ,1.32,1.18,
Ca,2,X, ,1.37,1.23,Calc. from len.-str. eq. 
Ca,2,XII, ,1.48,1.34,Calc. from len.-str. eq. 
Cd,2,IV, ,0.92,0.78,
Cd,2,V, ,1.01,0.87,
Cd,2,VI, ,1.09,0.95,
Cd,2,VII, ,1.17,1.03,Calc. from len.-str. eq. 
Cd,2,VIII, ,1.24,1.1,Calc. from len.-str. eq. 
Cd,2,XII, ,1.45,1.31,
Ce,3,VI, ,1.15,1.01,From r^3 vs V. 
Ce,3,VII, ,1.21,1.07,Estimated. 
Ce,3,VIII, ,1.283,1.143,From r^3 vs V. 
Ce,3,IX, ,1.336,1.196,From r^3 vs V. 
Ce,3,X, ,1.39,1.25,
Ce,3,XII, ,1.48,1.34,Calc. from len.-str. eq. 
Ce,4,VI, ,1.01,0.87,From r^3 vs V. 
Ce,4,VIII, ,1.11,0.97,From r^3 vs V. 
Ce,4,X, ,1.21,1.07,
Ce,4,XII, ,1.28,1.14,
Cf,3,VI, ,1.09,0.95,From r^3 vs V. 
Cf,4,VI, ,0.961,0.821,From r^3 vs V. 
Cf,4,VIII, ,1.06,0.92,
Cl,-1,VI, ,1.67,1.81,Paulings (1960) Crystal Radius. 
Cl,5,IIIPY, ,0.26,0.12,
Cl,7,IV, ,0.22,0.08,Most Reliable. 
Cl,7,VI, ,0.41,0.27,Ahrens (1952) Ionic radius. 
Cm,3,VI, ,1.11,0.97,From r^3 vs V. 
Cm,4,VI, ,0.99,0.85,From r^3 vs V. 
Cm,4,VIII, ,1.09,0.95,From r^3 vs V. 
Co,2,IV,High Spin,0.72,0.58,
Co,2,V, ,0.81,0.67,Calc. from len.-str. eq. 
Co,2,VI,High Spin,0.885,0.745,From r^3 vs V. Most Reliable. 
Co,2,VIII, ,1.04,0.9,
Co,3,VI,Low Spin,0.685,0.545,From r^3 vs V. Most Reliable. 
Co,4,IV, ,0.54,0.4,
Co,4,VI,High Spin,0.67,0.53,From r^3 vs V. 
Cr,2,VI,High Spin,0.94,0.8,From r^3 vs V. Most Reliable. 
Cr,3,VI, ,0.755,0.615,From r^3 vs V. Most Reliable. 
Cr,4,IV, ,0.55,0.41,
Cr,4,VI, ,0.69,0.55,From r^3 vs V. 
Cr,5,IV, ,0.485,0.345,From r^3 vs V. 
Cr,5,VI, ,0.63,0.49,Estimated. From r^3 vs V. 
Cr,5,VIII, ,0.71,0.57,
Cr,6,IV, ,0.4,0.26,
Cr,6,VI, ,0.58,0.44,Calc. from len.-str. eq. 
Cs,1,VI, ,1.81,1.67,
Cs,1,VIII, ,1.88,1.74,
Cs,1,IX, ,1.92,1.78,
Cs,1,X, ,1.95,1.81,
Cs,1,XI, ,1.99,1.85,
Cs,1,XII, ,2.02,1.88,
Cu,1,II, ,0.6,0.46,
Cu,1,IV, ,0.74,0.6,Estimated. 
Cu,1,VI, ,0.91,0.77,Estimated. 
Cu,2,IV, ,0.71,0.57,
Cu,2,IVSQ, ,0.71,0.57,Most Reliable. 
Cu,2,V, ,0.79,0.65,Most Reliable. 
Cu,2,VI, ,0.87,0.73,
Cu,3,VI,Low Spin,0.68,0.54,
D,1,II, ,0.04,-0.1,
Dy,2,VI, ,1.21,1.07,
Dy,2,VII, ,1.27,1.13,
Dy,2,VIII, ,1.33,1.19,
Dy,3,VI, ,1.052,0.912,From r^3 vs V. 
Dy,3,VII, ,1.11,0.97,
Dy,3,VIII, ,1.167,1.027,From r^3 vs V. 
Dy,3,IX, ,1.223,1.083,From r^3 vs V. 
Er,3,VI, ,1.03,0.89,From r^3 vs V. 
Er,3,VII, ,1.085,0.945,
Er,3,VIII, ,1.144,1.004,From r^3 vs V. 
Er,3,IX, ,1.202,1.062,From r^3 vs V. 
Eu,2,VI, ,1.31,1.17,
Eu,2,VII, ,1.34,1.2,
Eu,2,VIII, ,1.39,1.25,
Eu,2,IX, ,1.44,1.3,
Eu,2,X, ,1.49,1.35,
Eu,3,VI, ,1.087,0.947,From r^3 vs V. 
Eu,3,VII, ,1.15,1.01,
Eu,3,VIII, ,1.206,1.066,From r^3 vs V. 
Eu,3,IX, ,1.26,1.12,From r^3 vs V. 
F,-1,II, ,1.145,1.285,
F,-1,III, ,1.16,1.3,
F,-1,IV, ,1.17,1.31,
F,-1,VI, ,1.19,1.33,
F,7,VI, ,0.22,0.08,Ahrens (1952) Ionic radius. 
Fe,2,IV,High Spin,0.77,0.63,
Fe,2,IVSQ,High Spin,0.78,0.64,
Fe,2,VI,Low Spin,0.75,0.61,Estimated. 
Fe,2,VIII,High Spin,1.06,0.92,Calc. from len.-str. eq. 
Fe,3,IV,High Spin,0.63,0.49,Most Reliable. 
Fe,3,V, ,0.72,0.58,
Fe,3,VI,High Spin,0.785,0.645,From r^3 vs V. Most Reliable. 
Fe,3,VIII,High Spin,0.92,0.78,
Fe,4,VI, ,0.725,0.585,From r^3 vs V. 
Fe,6,IV, ,0.39,0.25,From r^3 vs V. 
Fr,1,VI, ,1.94,1.8,Ahrens (1952) Ionic radius. 
Ga,3,IV, ,0.61,0.47,Most Reliable. 
Ga,3,V, ,0.69,0.55,
Ga,3,VI, ,0.76,0.62,From r^3 vs V. Most Reliable. 
Gd,3,VI, ,1.078,0.938,From r^3 vs V. 
Gd,3,VII, ,1.14,1.0,
Gd,3,VIII, ,1.193,1.053,From r^3 vs V. 
Gd,3,IX, ,1.247,1.107,From r^3 vs V. Calc. from len.-str. eq. 
Ge,2,VI, ,0.87,0.73,Ahrens (1952) Ionic radius. 
Ge,4,IV, ,0.53,0.39,Most Reliable. 
Ge,4,VI, ,0.67,0.53,From r^3 vs V. Most Reliable. 
H,1,I, ,-0.24,-0.38,
H,1,II, ,-0.04,-0.18,
Hf,4,IV, ,0.72,0.58,From r^3 vs V. 
Hf,4,VI, ,0.85,0.71,From r^3 vs V. 
Hf,4,VII, ,0.9,0.76,
Hf,4,VIII, ,0.97,0.83,
Hg,1,III, ,1.11,0.97,
Hg,1,VI, ,1.33,1.19,
Hg,2,II, ,0.83,0.69,
Hg,2,IV, ,1.1,0.96,
Hg,2,VI, ,1.16,1.02,
Hg,2,VIII, ,1.28,1.14,From r^3 vs V. 
Ho,3,VI, ,1.041,0.901,From r^3 vs V. 
Ho,3,VIII, ,1.155,1.015,From r^3 vs V. 
Ho,3,IX, ,1.212,1.072,From r^3 vs V. 
Ho,3,X, ,1.26,1.12,
I,-1,VI, ,2.06,2.2,Ahrens (1952) Ionic radius. 
I,5,IIIPY, ,0.58,0.44,Most Reliable. 
I,5,VI, ,1.09,0.95,
I,7,IV, ,0.56,0.42,
I,7,VI, ,0.67,0.53,
In,3,IV, ,0.76,0.62,
In,3,VI, ,0.94,0.8,From r^3 vs V. Most Reliable. 
In,3,VIII, ,1.06,0.92,From r^3 vs V. Calc. from len.-str. eq. 
Ir,3,VI, ,0.82,0.68,Estimated. 
Ir,4,VI, ,0.765,0.625,From r^3 vs V. 
Ir,5,VI, ,0.71,0.57,Estimated. From Metallic Oxides. 
K,1,IV, ,1.51,1.37,
K,1,VI, ,1.52,1.38,
K,1,VII, ,1.6,1.46,
K,1,VIII, ,1.65,1.51,
K,1,IX, ,1.69,1.55,
K,1,X, ,1.73,1.59,
K,1,XII, ,1.78,1.64,
La,3,VI, ,1.172,1.032,From r^3 vs V. 
La,3,VII, ,1.24,1.1,
La,3,VIII, ,1.3,1.16,From r^3 vs V. 
La,3,IX, ,1.356,1.216,From r^3 vs V. 
La,3,X, ,1.41,1.27,
La,3,XII, ,1.5,1.36,Calc. from len.-str. eq. 
Li,1,IV, ,0.73,0.59,Most Reliable. 
Li,1,VI, ,0.9,0.76,Most Reliable. 
Li,1,VIII, ,1.06,0.92,Calc. from len.-str. eq. 
Lu,3,VI, ,1.001,0.861,From r^3 vs V. 
Lu,3,VIII, ,1.117,0.977,From r^3 vs V. 
Lu,3,IX, ,1.172,1.032,From r^3 vs V. 
Mg,2,IV, ,0.71,0.57,
Mg,2,V, ,0.8,0.66,
Mg,2,VI, ,0.86,0.72,Most Reliable. 
Mg,2,VIII, ,1.03,0.89,Calc. from len.-str. eq. 
Mn,2,IV,High Spin,0.8,0.66,
Mn,2,V,High Spin,0.89,0.75,Calc. from len.-str. eq. 
Mn,2,VI,Low Spin,0.81,0.67,Estimated. 
Mn,2,VII,High Spin,1.04,0.9,Calc. from len.-str. eq. 
Mn,2,VIII, ,1.1,0.96,From r^3 vs V. 
Mn,3,V, ,0.72,0.58,
Mn,3,VI,Low Spin,0.72,0.58,From r^3 vs V. 
Mn,4,IV, ,0.53,0.39,From r^3 vs V. 
Mn,4,VI, ,0.67,0.53,From r^3 vs V. Most Reliable. 
Mn,5,IV, ,0.47,0.33,From r^3 vs V. 
Mn,6,IV, ,0.395,0.255,
Mn,7,IV, ,0.39,0.25,
Mn,7,VI, ,0.6,0.46,Ahrens (1952) Ionic radius. 
Mo,3,VI, ,0.83,0.69,Estimated. 
Mo,4,VI, ,0.79,0.65,From r^3 vs V. From Metallic Oxides. 
Mo,5,IV, ,0.6,0.46,From r^3 vs V. 
Mo,5,VI, ,0.75,0.61,From r^3 vs V. 
Mo,6,IV, ,0.55,0.41,From r^3 vs V. Most Reliable. 
Mo,6,V, ,0.64,0.5,
Mo,6,VI, ,0.73,0.59,From r^3 vs V. Most Reliable. 
Mo,6,VII, ,0.87,0.73,
N,-3,IV, ,1.32,1.46,
N,3,VI, ,0.3,0.16,Ahrens (1952) Ionic radius. 
N,5,III, ,0.044,-0.104,
N,5,VI, ,0.27,0.13,Ahrens (1952) Ionic radius. 
Na,1,IV, ,1.13,0.99,
Na,1,V, ,1.14,1.0,
Na,1,VI, ,1.16,1.02,
Na,1,VII, ,1.26,1.12,
Na,1,VIII, ,1.32,1.18,
Na,1,IX, ,1.38,1.24,Calc. from len.-str. eq. 
Na,1,XII, ,1.53,1.39,
Nb,3,VI, ,0.86,0.72,
Nb,4,VI, ,0.82,0.68,From r^3 vs V. Estimated. 
Nb,4,VIII, ,0.93,0.79,
Nb,5,IV, ,0.62,0.48,Calc. from len.-str. eq. 
Nb,5,VI, ,0.78,0.64,
Nb,5,VII, ,0.83,0.69,Calc. from len.-str. eq. 
Nb,5,VIII, ,0.88,0.74,
Nd,2,VIII, ,1.43,1.29,
Nd,2,IX, ,1.49,1.35,
Nd,3,VI, ,1.123,0.983,From r^3 vs V. 
Nd,3,VIII, ,1.249,1.109,From r^3 vs V. Most Reliable. 
Nd,3,IX, ,1.303,1.163,From r^3 vs V. 
Nd,3,XII, ,1.41,1.27,Estimated. 
Ni,2,IV, ,0.69,0.55,
Ni,2,IVSQ, ,0.63,0.49,
Ni,2,V, ,0.77,0.63,Estimated. 
Ni,2,VI, ,0.83,0.69,From r^3 vs V. Most Reliable. 
Ni,3,VI,Low Spin,0.7,0.56,From r^3 vs V. Most Reliable. 
Ni,4,VI,Low Spin,0.62,0.48,From r^3 vs V. 
No,2,VI, ,1.24,1.1,Estimated. 
Np,2,VI, ,1.24,1.1,
Np,3,VI, ,1.15,1.01,From r^3 vs V. 
Np,4,VI, ,1.01,0.87,From r^3 vs V. 
Np,4,VIII, ,1.12,0.98,From r^3 vs V. 
Np,5,VI, ,0.89,0.75,
Np,6,VI, ,0.86,0.72,From r^3 vs V. 
Np,7,VI, ,0.85,0.71,Ahrens (1952) Ionic radius. 
O,-2,II, ,1.21,1.35,
O,-2,III, ,1.22,1.36,
O,-2,IV, ,1.24,1.38,
O,-2,VI, ,1.26,1.4,
O,-2,VIII, ,1.28,1.42,
OH,-1,II, ,1.18,1.32,
OH,-1,III, ,1.2,1.34,
OH,-1,IV, ,1.21,1.35,Estimated. 
OH,-1,VI, ,1.23,1.37,Estimated. 
Os,4,VI, ,0.77,0.63,From r^3 vs V. From Metallic Oxides. 
Os,5,VI, ,0.715,0.575,Estimated. 
Os,6,V, ,0.63,0.49,
Os,6,VI, ,0.685,0.545,Estimated. 
Os,7,VI, ,0.665,0.525,Estimated. 
Os,8,IV, ,0.53,0.39,
P,3,VI, ,0.58,0.44,Ahrens (1952) Ionic radius. 
P,5,IV, ,0.31,0.17,Most Reliable. 
P,5,V, ,0.43,0.29,
P,5,VI, ,0.52,0.38,Calc. from len.-str. eq. 
Pa,3,VI, ,1.18,1.04,Estimated. 
Pa,4,VI, ,1.04,0.9,From r^3 vs V. 
Pa,4,VIII, ,1.15,1.01,
Pa,5,VI, ,0.92,0.78,
Pa,5,VIII, ,1.05,0.91,
Pa,5,IX, ,1.09,0.95,
Pb,2,IVPY, ,1.12,0.98,Calc. from len.-str. eq. 
Pb,2,VI, ,1.33,1.19,
Pb,2,VII, ,1.37,1.23,Calc. from len.-str. eq. 
Pb,2,VIII, ,1.43,1.29,Calc. from len.-str. eq. 
Pb,2,IX, ,1.49,1.35,Calc. from len.-str. eq. 
Pb,2,X, ,1.54,1.4,Calc. from len.-str. eq. 
Pb,2,XI, ,1.59,1.45,Calc. from len.-str. eq. 
Pb,2,XII, ,1.63,1.49,
Pb,4,IV, ,0.79,0.65,Estimated. 
Pb,4,V, ,0.87,0.73,Estimated. 
Pb,4,VI, ,0.915,0.775,From r^3 vs V. 
Pb,4,VIII, ,1.08,0.94,From r^3 vs V. 
Pd,1,II, ,0.73,0.59,
Pd,2,IVSQ, ,0.78,0.64,
Pd,2,VI, ,1.0,0.86,
Pd,3,VI, ,0.9,0.76,
Pd,4,VI, ,0.755,0.615,From r^3 vs V. 
Pm,3,VI, ,1.11,0.97,From r^3 vs V. 
Pm,3,VIII, ,1.233,1.093,From r^3 vs V. 
Pm,3,IX, ,1.284,1.144,From r^3 vs V. 
Po,4,VI, ,1.08,0.94,From r^3 vs V. 
Po,4,VIII, ,1.22,1.08,From r^3 vs V. 
Po,6,VI, ,0.81,0.67,Ahrens (1952) Ionic radius. 
Pr,3,VI, ,1.13,0.99,From r^3 vs V. 
Pr,3,VIII, ,1.266,1.126,From r^3 vs V. 
Pr,3,IX, ,1.319,1.179,From r^3 vs V. 
Pr,4,VI, ,0.99,0.85,From r^3 vs V. 
Pr,4,VIII, ,1.1,0.96,From r^3 vs V. 
Pt,2,IVSQ, ,0.74,0.6,
Pt,2,VI, ,0.94,0.8,Ahrens (1952) Ionic radius. 
Pt,4,VI, ,0.765,0.625,From r^3 vs V. 
Pt,5,VI, ,0.71,0.57,Estimated. From r^3 vs V. 
Pu,3,VI, ,1.14,1.0,From r^3 vs V. 
Pu,4,VI, ,1.0,0.86,From r^3 vs V. 
Pu,4,VIII, ,1.1,0.96,
Pu,5,VI, ,0.88,0.74,Estimated. 
Pu,6,VI, ,0.85,0.71,From r^3 vs V. 
Ra,2,VIII, ,1.62,1.48,From r^3 vs V. 
Ra,2,XII, ,1.84,1.7,From r^3 vs V. 
Rb,1,VI, ,1.66,1.52,
Rb,1,VII, ,1.7,1.56,
Rb,1,VIII, ,1.75,1.61,
Rb,1,IX, ,1.77,1.63,Estimated. 
Rb,1,X, ,1.8,1.66,
Rb,1,XI, ,1.83,1.69,
Rb,1,XII, ,1.86,1.72,
Rb,1,XIV, ,1.97,1.83,
Re,4,VI, ,0.77,0.63,From r^3 vs V. From Metallic Oxides. 
Re,5,VI, ,0.72,0.58,Estimated. 
Re,6,VI, ,0.69,0.55,Estimated. 
Re,7,IV, ,0.52,0.38,
Re,7,VI, ,0.67,0.53,
Rh,3,VI, ,0.805,0.665,From r^3 vs V. 
Rh,4,VI, ,0.74,0.6,From r^3 vs V. From Metallic Oxides. 
Rh,5,VI, ,0.69,0.55,
Ru,3,VI, ,0.82,0.68,
Ru,4,VI, ,0.76,0.62,From r^3 vs V. From Metallic Oxides. 
Ru,5,VI, ,0.705,0.565,Estimated. From r^3 vs V. 
Ru,7,IV, ,0.52,0.38,
Ru,8,IV, ,0.5,0.36,
S,-2,VI, ,1.7,1.84,Paulings (1960) Crystal Radius. 
S,4,VI, ,0.51,0.37,Ahrens (1952) Ionic radius. 
S,6,IV, ,0.26,0.12,Most Reliable. 
S,6,VI, ,0.43,0.29,Calc. from len.-str. eq. 
Sb,3,IVPY, ,0.9,0.76,
Sb,3,V, ,0.94,0.8,
Sb,3,VI, ,0.9,0.76,Ahrens (1952) Ionic radius. 
Sb,5,VI, ,0.74,0.6,Most Reliable. 
Sc,3,VI, ,0.885,0.745,From r^3 vs V. Most Reliable. 
Sc,3,VIII, ,1.01,0.87,From r^3 vs V. Most Reliable. 
Se,-2,VI, ,1.84,1.98,Paulings (1960) Crystal Radius. 
Se,4,VI, ,0.64,0.5,Ahrens (1952) Ionic radius. 
Se,6,IV, ,0.42,0.28,Most Reliable. 
Se,6,VI, ,0.56,0.42,Calc. from len.-str. eq. 
Si,4,IV, ,0.4,0.26,Most Reliable. 
Si,4,VI, ,0.54,0.4,From r^3 vs V. Most Reliable. 
Sm,2,VII, ,1.36,1.22,
Sm,2,VIII, ,1.41,1.27,
Sm,2,IX, ,1.46,1.32,
Sm,3,VI, ,1.098,0.958,From r^3 vs V. 
Sm,3,VII, ,1.16,1.02,Estimated. 
Sm,3,VIII, ,1.219,1.079,From r^3 vs V. 
Sm,3,IX, ,1.272,1.132,From r^3 vs V. 
Sm,3,XII, ,1.38,1.24,Calc. from len.-str. eq. 
Sn,4,IV, ,0.69,0.55,From r^3 vs V. 
Sn,4,V, ,0.76,0.62,Calc. from len.-str. eq. 
Sn,4,VI, ,0.83,0.69,From r^3 vs V. Most Reliable. 
Sn,4,VII, ,0.89,0.75,
Sn,4,VIII, ,0.95,0.81,Calc. from len.-str. eq. 
Sr,2,VI, ,1.32,1.18,
Sr,2,VII, ,1.35,1.21,
Sr,2,VIII, ,1.4,1.26,
Sr,2,IX, ,1.45,1.31,
Sr,2,X, ,1.5,1.36,Calc. from len.-str. eq. 
Sr,2,XII, ,1.58,1.44,Calc. from len.-str. eq. 
Ta,3,VI, ,0.86,0.72,Estimated. 
Ta,4,VI, ,0.82,0.68,Estimated. 
Ta,5,VI, ,0.78,0.64,
Ta,5,VII, ,0.83,0.69,
Ta,5,VIII, ,0.88,0.74,
Tb,3,VI, ,1.063,0.923,From r^3 vs V. 
Tb,3,VII, ,1.12,0.98,Estimated. 
Tb,3,VIII, ,1.18,1.04,From r^3 vs V. 
Tb,3,IX, ,1.235,1.095,From r^3 vs V. 
Tb,4,VI, ,0.9,0.76,From r^3 vs V. 
Tb,4,VIII, ,1.02,0.88,
Tc,4,VI, ,0.785,0.645,From r^3 vs V. From Metallic Oxides. 
Tc,5,VI, ,0.74,0.6,Estimated. From r^3 vs V. 
Tc,7,IV, ,0.51,0.37,
Tc,7,VI, ,0.7,0.56,Ahrens (1952) Ionic radius. 
Te,-2,VI, ,2.07,2.21,Paulings (1960) Crystal Radius. 
Te,4,III, ,0.66,0.52,
Te,4,IV, ,0.8,0.66,
Te,4,VI, ,1.11,0.97,
Te,6,IV, ,0.57,0.43,Calc. from len.-str. eq. 
Te,6,VI, ,0.7,0.56,Most Reliable. 
Th,4,VI, ,1.08,0.94,Calc. from len.-str. eq. 
Th,4,VIII, ,1.19,1.05,From r^3 vs V. Calc. from len.-str. eq. 
Th,4,IX, ,1.23,1.09,Most Reliable. 
Th,4,X, ,1.27,1.13,Estimated. 
Th,4,XI, ,1.32,1.18,Calc. from len.-str. eq. 
Th,4,XII, ,1.35,1.21,Calc. from len.-str. eq. 
Ti,2,VI, ,1.0,0.86,Estimated. 
Ti,3,VI, ,0.81,0.67,From r^3 vs V. Most Reliable. 
Ti,4,IV, ,0.56,0.42,Calc. from len.-str. eq. 
Ti,4,V, ,0.65,0.51,Calc. from len.-str. eq. 
Ti,4,VI, ,0.745,0.605,From r^3 vs V. Most Reliable. 
Ti,4,VIII, ,0.88,0.74,Calc. from len.-str. eq. 
Tl,1,VI, ,1.64,1.5,From r^3 vs V. 
Tl,1,VIII, ,1.73,1.59,From r^3 vs V. 
Tl,1,XII, ,1.84,1.7,From r^3 vs V. Estimated. 
Tl,3,IV, ,0.89,0.75,
Tl,3,VI, ,1.025,0.885,From r^3 vs V. 
Tl,3,VIII, ,1.12,0.98,Calc. from len.-str. eq. 
Tm,2,VI, ,1.17,1.03,
Tm,2,VII, ,1.23,1.09,
Tm,3,VI, ,1.02,0.88,From r^3 vs V. 
Tm,3,VIII, ,1.134,0.994,From r^3 vs V. 
Tm,3,IX, ,1.192,1.052,From r^3 vs V. 
U,3,VI, ,1.165,1.025,From r^3 vs V. 
U,4,VI, ,1.03,0.89,
U,4,VII, ,1.09,0.95,Estimated. 
U,4,VIII, ,1.14,1.0,From r^3 vs V. Most Reliable. 
U,4,IX, ,1.19,1.05,
U,4,XII, ,1.31,1.17,Estimated. 
U,5,VI, ,0.9,0.76,
U,5,VII, ,0.98,0.84,Estimated. 
U,6,II, ,0.59,0.45,
U,6,IV, ,0.66,0.52,
U,6,VI, ,0.87,0.73,Most Reliable. 
U,6,VII, ,0.95,0.81,Estimated. 
U,6,VIII, ,1.0,0.86,
V,2,VI, ,0.93,0.79,
V,3,VI, ,0.78,0.64,From r^3 vs V. Most Reliable. 
V,4,V, ,0.67,0.53,
V,4,VI, ,0.72,0.58,From r^3 vs V. Most Reliable. 
V,4,VIII, ,0.86,0.72,Estimated. 
V,5,IV, ,0.495,0.355,From r^3 vs V. Most Reliable. 
V,5,V, ,0.6,0.46,Most Reliable. 
V,5,VI, ,0.68,0.54,
W,4,VI, ,0.8,0.66,From r^3 vs V. From Metallic Oxides. 
W,5,VI, ,0.76,0.62,From r^3 vs V. 
W,6,IV, ,0.56,0.42,Most Reliable. 
W,6,V, ,0.65,0.51,
W,6,VI, ,0.74,0.6,Most Reliable. 
Xe,8,IV, ,0.54,0.4,
Xe,8,VI, ,0.62,0.48,
Y,3,VI, ,1.04,0.9,From r^3 vs V. Most Reliable. 
Y,3,VII, ,1.1,0.96,
Y,3,VIII, ,1.159,1.019,From r^3 vs V. Most Reliable. 
Y,3,IX, ,1.215,1.075,From r^3 vs V. 
Yb,2,VI, ,1.16,1.02,
Yb,2,VII, ,1.22,1.08,Estimated. 
Yb,2,VIII, ,1.28,1.14,
Yb,3,VI, ,1.008,0.868,From r^3 vs V. Most Reliable. 
Yb,3,VII, ,1.065,0.925,Estimated. 
Yb,3,VIII, ,1.125,0.985,From r^3 vs V. 
Yb,3,IX, ,1.182,1.042,From r^3 vs V. 
Zn,2,IV, ,0.74,0.6,Most Reliable. 
Zn,2,V, ,0.82,0.68,Most Reliable. 
Zn,2,VI, ,0.88,0.74,From r^3 vs V. Most Reliable. 
Zn,2,VIII, ,1.04,0.9,Calc. from len.-str. eq. 
Zr,4,IV, ,0.73,0.59,From r^3 vs V. 
Zr,4,V, ,0.8,0.66,Calc. from len.-str. eq. 
Zr,4,VI, ,0.86,0.72,From r^3 vs V. Most Reliable. 
Zr,4,VII, ,0.92,0.78,Most Reliable. 
Zr,4,VIII, ,0.98,0.84,Most Reliable. 
Zr,4,IX, ,1.03,0.89,
